{
  "similarity": {
    "HitRate@3": 1.0,
    "MRR": 0.9416666666666667
  },
  "mmr": {
    "HitRate@3": 0.95,
    "MRR": 0.925
  },
  "hybrid": {
    "HitRate@3": 1.0,
    "MRR": 0.9416666666666667
  }
}